country,AVG_INCOME_USD,REMESA_AMOUNT_USD,remesa_freq,REMESA_AMOUNT_REGPERMONTH,pct_remit_towards_Foodpurchase,pct_remit_towards_Healthexpenses(medicines/medicalconsultation),"pct_remit_towards_ExpensesrelatedtoCOVID-19(protectionsupplies,medicalconsultation,medicines)",pct_remit_towards_Educationexpenses,"pct_remit_towards_Paymentofservices(water,electricity,cable,internet,communication)",pct_remit_towards_Clothesandshoes,pct_remit_towards_Housing(constructionorrepair),pct_remit_towards_Housingrentalfee,pct_remit_towards_Homepurchasefee,pct_remit_towards_Purchaseofagriculturalinputs,pct_remit_towards_Business(trade),pct_remit_towards_Saving,pct_remit_towards_Paymentofcommitmentsofmembersresidingabroad,pct_remit_towards_Paymentofthesender'straveldebt,pct_remit_towards_Paymentofotherdebts,pct_remit_towards_Other,hh_size,AVG_INCOME_USD_PERCAP,REMESA_AMOUNT_REGPERMONTH_PERCAP
GT,30.189192045454547,117.40994022727271,3.6363636363636362,125.33357515909091,51.52272727272727,12.795454545454545,0.9318181818181818,2.5454545454545454,11.75,4.159090909090909,3.8863636363636362,0.0,0.7954545454545454,0.75,0.0,2.022727272727273,0.0,2.772727272727273,0.11363636363636363,0.3181818181818182,4.9818181818181815,7.7294492348812796,33.513734813805264
HND,64.24819867549668,90.8934517218543,3.5165562913907285,144.20794240618102,49.29139072847682,13.344370860927153,0.9933774834437086,3.2119205298013247,6.986754966887418,1.2582781456953642,1.8543046357615893,0.46357615894039733,0.0,0.0,0.5298013245033113,1.0927152317880795,0.0,0.0,0.1986754966887417,1.6225165562913908,4.582781456953643,18.408970984681247,42.17729911217186
SLV,307.85545722713863,152.52605457227136,3.831858407079646,135.8950319567355,54.1976401179941,16.40117994100295,0.30383480825958703,2.4277286135693217,15.657817109144542,0.9410029498525073,1.238938053097345,0.16224188790560473,0.0,0.07374631268436578,0.39823008849557523,0.07374631268436578,0.0,0.11799410029498525,0.6932153392330384,1.047197640117994,4.321533923303835,82.95878159860462,37.002734817951634
